title_as_returned,url,source_domain,likely_title_norm,notes,posted_date,date_unknown,verified_http_200,discovered_via
วิศวกรสนาม ( Site Engineer ) ประจำหน่วยงานเอกมัย,https://www.jobth.com/งาน/0000992040WKBCD.html,jobth.com,Site Engineer,,,1,no,WebSearch
วิศวกรสนาม (SE),https://www.jobth.com/งาน/0000791259YJMQI.html,jobth.com,Site Engineer,,,1,no,WebSearch
วิศวกรสนาม (ทำงาน OE) ประจำหน่วยงานเบญจศิริ สถานีพร้อมพงษ์,https://www.jobth.com/งาน/0000404995DNKEJ.html,jobth.com,Site Engineer,,,1,no,WebSearch
Site Engineer/วิศวกรโครงการ,https://www.jobth.com/งาน/0000999990WOCZT.html,jobth.com,Project Engineer,"search summary claimed Khlong Toei, salary negotiable - UNVERIFIED",,1,no,WebSearch
"Site Engineer (วิศวกรโยธา, วิศวกรสนาม)",https://www.jobth.com/งาน/0000908903GQMPL.html,jobth.com,Civil Site Engineer,"search summary claimed Bang Khun Thian, 20,000-35,000 THB - UNVERIFIED",,1,no,WebSearch
วิศวกรสนาม/วิศวกรก่อสร้าง (Site Engineer),https://www.jobth.com/งาน/0000887325MTFBN.html,jobth.com,Site Engineer,"search summary claimed Phaya Thai, 20,000-35,000 THB incl. OT - UNVERIFIED",,1,no,WebSearch
วิศวกรโยธา (site engineer),https://www.jobth.com/งาน/0001012784DVADW.html,jobth.com,Civil Site Engineer,,,1,no,WebSearch
"Site Engineer (วิศวกรภาคสนาม) ไฟฟ้า,เครื่องกล",https://www.jobth.com/งาน/0001009383OQAVR.html,jobth.com,M&E Site Engineer,,,1,no,WebSearch
วิศวกรควบคุมงานก่อสร้าง,https://www.jobth.com/งาน/0000954332FGWSS.html,jobth.com,Site Supervisor,,,1,no,WebSearch
วิศวกรโครงการ ( PE ) หน่วยงาน ใน กรุงเทพ | บริษัท พรีบิลท์ จำกัด (มหาชน),https://jobbkk.com/jobs/detail/46003/1188113,jobbkk.com,Project Engineer,employer visible in title: Pre-Built PCL (contractor),,1,no,WebSearch
วิศวกรควบคุมงาน (กรุงเทพและปริมณฑล) บริษัท แลนดี้ โฮม (ประเทศไทย) จำกัด,https://www.jobthaiweb.com/jobdetail.php?JOBID=00161287,jobthaiweb.com,Site Supervisor,employer visible in title: Landy Home (Thailand),,1,no,WebSearch
หางาน วิศวกรโครงการ (รับสมัครด่วน),https://www.jobmyway.com/jobdescription/11332,jobmyway.com,Project Engineer,,,1,no,WebSearch
